City_ID,City,Country,Date,Lat,Lng,Max Temp,Humidity,Cloudiness,Wind Speed
0,Ushuaia,AR,2021-12-01 17:20:58,-54.8,-68.3,53.26,47,40,13.8
1,Punta Arenas,CL,2021-12-01 17:12:16,-53.15,-70.9167,55.51,38,40,23.02
2,Torbay,CA,2021-12-01 17:20:59,47.6666,-52.7314,42.67,70,75,16.11
3,Dikson,RU,2021-12-01 17:12:04,73.5069,80.5464,-8.41,97,100,16.08
4,Bredasdorp,ZA,2021-12-01 17:20:59,-34.5322,20.0403,63.28,68,94,12.39
5,Bengkulu,ID,2021-12-01 17:20:59,-3.8004,102.2655,74.91,87,65,3.62
6,Rikitea,PF,2021-12-01 17:21:00,-23.1203,-134.9692,76.03,70,1,19.3
7,Paros,GR,2021-12-01 17:21:00,37.0833,25.15,58.59,51,0,8.05
8,Assiniboia,CA,2021-12-01 17:21:01,49.6334,-105.9845,46.31,57,84,18.41
9,Butaritari,KI,2021-12-01 17:21:01,3.0707,172.7902,81.18,76,80,9.51
10,Puerto Ayora,EC,2021-12-01 17:13:22,-0.7393,-90.3518,76.96,76,78,8.86
11,Saldanha,ZA,2021-12-01 17:13:25,-33.0117,17.9442,62.42,77,49,24.67
12,Lebu,CL,2021-12-01 17:12:18,-37.6167,-73.65,59.85,64,100,6.13
13,Vaini,TO,2021-12-01 17:21:02,-21.2,-175.2,77.16,83,75,8.05
14,Mahibadhoo,MV,2021-12-01 17:21:02,3.7833,72.9667,82.2,78,48,7.83
15,Tuatapere,NZ,2021-12-01 17:12:16,-46.1333,167.6833,49.82,93,5,2.26
16,General Roca,AR,2021-12-01 17:21:03,-39.0333,-67.5833,88.63,13,13,14.16
17,Maningrida,AU,2021-12-01 17:21:03,-12.0667,134.2667,83.53,75,20,4.63
18,Soure,BR,2021-12-01 17:21:04,-0.7167,-48.5233,86.13,65,97,11.25
19,Khatanga,RU,2021-12-01 17:14:42,71.9667,102.5,-30.59,99,99,3.89
20,Vilhena,BR,2021-12-01 17:21:04,-12.7406,-60.1458,71.82,100,75,4.61
21,Den Helder,NL,2021-12-01 17:21:05,52.9599,4.7593,46.38,66,75,21.0
22,Port Lincoln,AU,2021-12-01 17:21:05,-34.7333,135.8667,57.96,82,69,12.01
23,Hambantota,LK,2021-12-01 17:21:05,6.1241,81.1185,77.65,81,5,5.59
24,East London,ZA,2021-12-01 17:21:06,-33.0153,27.9116,70.74,78,20,16.11
25,Menongue,AO,2021-12-01 17:21:07,-14.6585,17.691,73.26,57,93,3.78
26,Avarua,CK,2021-12-01 17:12:03,-21.2078,-159.775,77.05,94,75,10.36
27,Souillac,MU,2021-12-01 17:21:07,-20.5167,57.5167,77.38,78,40,8.05
28,Vila Do Maio,CV,2021-12-01 17:21:07,15.1333,-23.2167,75.99,66,100,18.97
29,Hithadhoo,MV,2021-12-01 17:14:50,-0.6,73.0833,82.15,72,100,2.26
30,Codrington,AU,2021-12-01 17:16:07,-38.2667,141.9667,54.91,96,1,1.68
31,Grenfell,AU,2021-12-01 17:21:08,-33.9,148.1667,59.32,81,54,3.36
32,Carnarvon,AU,2021-12-01 17:18:19,-24.8667,113.6333,69.87,78,75,19.57
33,Saint-Philippe,RE,2021-12-01 17:21:09,-21.3585,55.7679,76.59,74,8,10.8
34,Tiksi,RU,2021-12-01 17:21:09,71.6872,128.8694,-24.39,99,98,5.39
35,Tasiilaq,GL,2021-12-01 17:21:09,65.6145,-37.6368,20.64,94,100,26.02
36,Bluff,NZ,2021-12-01 17:21:10,-46.6,168.3333,50.81,91,11,3.47
37,Albany,US,2021-12-01 17:17:37,42.6001,-73.9662,42.46,69,99,8.63
38,Sisimiut,GL,2021-12-01 17:21:10,66.9395,-53.6735,37.11,92,99,35.86
39,Mujiayingzi,CN,2021-12-01 17:21:11,42.1167,118.7833,23.47,57,0,10.67
40,Turan,VN,2021-12-01 17:19:07,16.0678,108.2208,67.98,88,75,2.3
41,Aswan,EG,2021-12-01 17:21:11,24.0934,32.907,76.3,29,0,17.27
42,Mahebourg,MU,2021-12-01 17:14:43,-20.4081,57.7,77.29,78,40,8.05
43,Wanaka,NZ,2021-12-01 17:21:12,-44.7,169.15,57.11,89,32,3.78
44,Barrow,US,2021-12-01 17:13:30,71.2906,-156.7887,-18.38,76,1,8.05
45,Gimli,CA,2021-12-01 17:21:12,50.6336,-96.9907,32.43,93,100,10.36
46,Hobart,AU,2021-12-01 17:21:13,-42.8794,147.3294,60.03,83,90,4.61
47,New Norfolk,AU,2021-12-01 17:21:13,-42.7826,147.0587,59.67,72,97,1.01
48,Cabo San Lucas,MX,2021-12-01 17:13:23,22.8909,-109.9124,82.51,60,1,3.44
49,Charters Towers,AU,2021-12-01 17:22:14,-20.1,146.2667,77.22,77,3,7.02
50,Port Keats,AU,2021-12-01 17:22:14,-14.25,129.55,84.43,75,100,10.45
51,Kruisfontein,ZA,2021-12-01 17:22:15,-34.0033,24.7314,69.89,84,6,6.69
52,Mataura,NZ,2021-12-01 17:22:15,-46.1927,168.8643,50.49,99,26,2.15
53,Oranjestad,AW,2021-12-01 17:22:16,12.524,-70.027,84.15,70,75,16.11
54,Ust-Ishim,RU,2021-12-01 17:22:16,57.6935,71.1665,33.37,93,100,9.55
55,Port Alfred,ZA,2021-12-01 17:22:16,-33.5906,26.891,69.6,83,61,21.21
56,Hilo,US,2021-12-01 17:22:17,19.7297,-155.09,74.28,91,20,6.91
57,Alpena,US,2021-12-01 17:22:17,45.0617,-83.4327,34.95,75,90,6.91
58,Ambon,ID,2021-12-01 17:16:04,-3.6954,128.1814,77.14,88,40,6.91
59,Pascagoula,US,2021-12-01 17:22:18,30.3658,-88.5561,72.05,59,1,0.0
60,Hoquiam,US,2021-12-01 17:22:18,46.9809,-123.8893,53.58,97,90,12.66
61,Wahiawa,US,2021-12-01 17:22:19,21.5028,-158.0236,72.86,82,40,8.86
62,Yellowknife,CA,2021-12-01 17:22:19,62.456,-114.3525,-6.59,88,90,9.22
63,Thompson,CA,2021-12-01 17:22:20,55.7435,-97.8558,-0.24,85,90,13.8
64,Somerset,US,2021-12-01 17:22:01,40.5668,-74.5496,51.12,50,1,5.01
65,Puerto Colombia,CO,2021-12-01 17:22:20,10.9878,-74.9547,86.09,74,30,3.69
66,Georgetown,MY,2021-12-01 17:20:12,5.4112,100.3354,80.53,91,20,3.44
67,Leningradskiy,RU,2021-12-01 17:22:21,69.3833,178.4167,-24.45,93,74,8.1
68,Cherskiy,RU,2021-12-01 17:18:18,68.75,161.3,-21.75,98,100,5.12
69,Abalak,RU,2021-12-01 17:22:21,58.1286,68.5944,34.27,94,100,10.85
70,Buraydah,SA,2021-12-01 17:22:22,26.326,43.975,68.45,15,22,5.93
71,Khorixas,NA,2021-12-01 17:22:22,-20.3667,14.9667,82.94,18,72,22.12
72,Namatanai,PG,2021-12-01 17:13:30,-3.6667,152.4333,79.54,80,91,5.91
73,Palana,RU,2021-12-01 17:22:23,59.1167,159.9667,17.17,87,100,12.8
74,Maceio,BR,2021-12-01 17:22:23,-9.6658,-35.7353,90.84,55,20,19.57
75,Faanui,PF,2021-12-01 17:22:23,-16.4833,-151.75,80.91,76,100,21.5
76,La Ronge,CA,2021-12-01 17:16:02,55.1001,-105.2842,17.85,86,90,9.22
77,Clyde River,CA,2021-12-01 17:22:24,70.4692,-68.5914,7.03,85,100,31.07
78,Havre-Saint-Pierre,CA,2021-12-01 17:16:00,50.2334,-63.5986,26.6,54,90,4.61
79,Victoria,HK,2021-12-01 17:19:29,22.2855,114.1577,62.58,41,43,5.01
80,Ribeira Grande,PT,2021-12-01 17:14:44,38.5167,-28.7,66.6,72,75,3.44
81,Geraldton,AU,2021-12-01 17:22:25,-28.7667,114.6,63.01,67,75,14.97
82,Vostok,RU,2021-12-01 17:16:15,46.4856,135.8833,-2.27,96,100,8.86
83,Atuona,PF,2021-12-01 17:22:25,-9.8,-139.0333,78.4,78,35,23.64
84,Bairiki,KI,2021-12-01 17:22:26,1.3292,172.9752,81.55,78,84,14.79
85,Kholodnyy,RU,2021-12-01 17:22:26,62.7167,147.95,-50.33,100,85,2.46
86,Araouane,ML,2021-12-01 17:22:27,18.9048,-3.5265,85.1,9,27,6.62
87,Svoge,BG,2021-12-01 17:22:27,42.9667,23.35,37.06,92,45,4.38
88,Cape Town,ZA,2021-12-01 17:22:27,-33.9258,18.4232,66.34,57,90,17.98
89,Rodrigues Alves,BR,2021-12-01 17:22:28,-7.738,-72.6509,88.0,82,93,4.56
90,Padang,ID,2021-12-01 17:22:28,-0.9492,100.3543,78.85,86,22,2.89
91,Praia,CV,2021-12-01 17:22:17,14.9215,-23.5087,75.74,64,75,23.02
92,Uyskoye,RU,2021-12-01 17:22:29,54.3775,60.0047,35.17,82,90,17.43
93,Castro,BR,2021-12-01 17:22:29,-24.7911,-50.0119,83.59,33,0,3.85
94,Chokurdakh,RU,2021-12-01 17:22:29,70.6333,147.9167,-22.41,100,97,7.78
95,Atascadero,US,2021-12-01 17:22:30,35.4894,-120.6707,70.68,33,0,4.27
96,Nyamati,IN,2021-12-01 17:23:31,14.15,75.5833,70.84,88,94,4.45
97,Baghdad,IQ,2021-12-01 17:23:31,33.3406,44.4009,60.71,51,100,3.44
98,Bambous Virieux,MU,2021-12-01 17:23:32,-20.3428,57.7575,77.25,78,40,8.05
99,Port Elizabeth,ZA,2021-12-01 17:23:32,-33.918,25.5701,72.1,77,0,11.5
100,Hermanus,ZA,2021-12-01 17:23:32,-34.4187,19.2345,64.9,73,85,13.4
101,Puerto Del Rosario,ES,2021-12-01 17:23:33,28.5004,-13.8627,67.75,68,20,10.36
102,Turukhansk,RU,2021-12-01 17:23:33,65.8167,87.9833,-6.29,87,100,6.87
103,Jamestown,US,2021-12-01 17:23:34,42.097,-79.2353,40.08,75,75,10.36
104,Luderitz,NA,2021-12-01 17:23:34,-26.6481,15.1594,67.87,62,0,25.3
105,Coahuayana,MX,2021-12-01 17:23:34,18.7333,-103.6833,83.68,58,100,0.63
106,Busselton,AU,2021-12-01 17:23:35,-33.65,115.3333,51.08,88,0,9.4
107,Sibolga,ID,2021-12-01 17:23:35,1.7427,98.7792,75.52,87,4,3.38
108,Dmytrivka,UA,2021-12-01 17:23:36,45.9717,28.9864,39.36,60,75,3.69
109,Kysyl-Syr,RU,2021-12-01 17:23:36,63.8986,122.7617,-20.36,99,97,5.55
110,Abu Samrah,SY,2021-12-01 17:23:36,35.3029,37.1841,54.82,64,25,14.7
111,Qaanaaq,GL,2021-12-01 17:23:37,77.484,-69.3632,9.82,84,100,4.12
112,Bethel,US,2021-12-01 17:23:37,41.3712,-73.414,48.04,54,1,3.0
113,Provideniya,RU,2021-12-01 17:23:38,64.3833,-173.3,-3.48,66,0,5.03
114,Vanavara,RU,2021-12-01 17:23:38,60.34,102.2797,-11.92,99,81,3.65
115,Kapaa,US,2021-12-01 17:23:38,22.0752,-159.319,77.32,84,75,12.66
116,Ponta Delgada,PT,2021-12-01 17:23:39,37.7333,-25.6667,68.5,82,40,13.8
117,Praya,CV,2021-12-01 17:23:39,14.9215,-23.5087,75.74,64,75,23.02
118,Samarai,PG,2021-12-01 17:23:11,-10.6167,150.6667,82.31,83,97,10.98
119,Nikolskoye,RU,2021-12-01 17:23:40,59.7035,30.7861,19.29,92,76,5.75
120,Bonthe,SL,2021-12-01 17:23:40,7.5264,-12.505,82.36,73,59,6.98
121,San Jose,US,2021-12-01 17:21:55,37.3394,-121.895,66.42,59,20,3.44
122,Saint Anthony,US,2021-12-01 17:16:03,45.0205,-93.218,42.15,91,20,1.01
123,Dhrangadhra,IN,2021-12-01 17:23:41,22.9833,71.4667,68.85,63,100,13.0
124,Arawa,PG,2021-12-01 17:23:41,-6.2132,155.5367,77.65,89,98,1.61
125,Fengcheng,CN,2021-12-01 17:23:41,40.4536,124.0717,19.47,86,4,1.28
126,Beloha,MG,2021-12-01 17:23:42,-25.1667,45.05,75.67,84,8,12.82
127,Yerbogachen,RU,2021-12-01 17:23:42,61.2767,108.0108,-13.97,99,78,4.14
128,Okhotsk,RU,2021-12-01 17:23:43,59.3833,143.3,-11.7,88,99,21.9
129,Upernavik,GL,2021-12-01 17:14:24,72.7868,-56.1549,22.08,67,100,4.56
130,Bam,IR,2021-12-01 17:23:43,29.106,58.357,60.76,32,0,2.08
131,Maldonado,UY,2021-12-01 17:23:44,-34.6667,-54.9167,67.39,50,40,10.16
132,Mirnyy,RU,2021-12-01 17:23:44,62.5353,113.9611,-16.69,97,93,3.31
133,Klaksvik,FO,2021-12-01 17:23:44,62.2266,-6.589,32.92,70,100,33.49
134,Tuktoyaktuk,CA,2021-12-01 17:23:45,69.4541,-133.0374,-27.4,75,20,2.3
135,Tikapur,NP,2021-12-01 17:23:46,28.5,81.1333,62.55,68,100,2.46
136,Husavik,IS,2021-12-01 17:16:08,66.0449,-17.3389,21.11,90,100,10.36
137,Fortuna,US,2021-12-01 17:23:46,40.5982,-124.1573,50.34,93,1,5.75
138,Rocha,UY,2021-12-01 17:23:46,-34.4833,-54.3333,70.74,50,30,10.4
139,Jumla,NP,2021-12-01 17:23:47,29.2747,82.1838,50.95,33,99,3.49
140,Sobolevo,RU,2021-12-01 17:24:47,54.4299,31.8996,21.83,93,99,10.04
141,Lagoa,PT,2021-12-01 17:24:48,39.05,-27.9833,63.55,82,49,13.98
142,La Union,PE,2021-12-01 17:24:48,-5.4,-80.75,81.61,46,100,7.74
143,Los Llanos De Aridane,ES,2021-12-01 17:24:49,28.6585,-17.9182,63.12,72,40,5.01
144,Mount Gambier,AU,2021-12-01 17:24:49,-37.8333,140.7667,55.31,100,90,8.05
145,Kushima,JP,2021-12-01 17:24:49,31.4583,131.2333,41.58,78,2,7.9
146,Lompoc,US,2021-12-01 17:24:50,34.6391,-120.4579,83.08,31,1,6.91
147,Camabatela,AO,2021-12-01 17:24:50,-8.1881,15.375,64.71,97,85,3.38
148,Cidreira,BR,2021-12-01 17:24:51,-30.1811,-50.2056,69.98,69,71,13.67
149,Saint-Pierre,RE,2021-12-01 17:24:51,-21.3393,55.4781,76.68,69,0,11.5
150,Quatre Cocos,MU,2021-12-01 17:24:51,-20.2078,57.7625,77.11,76,46,12.39
151,Toora-Khem,RU,2021-12-01 17:24:52,52.4675,96.11,-3.19,99,45,1.36
152,Truckee,US,2021-12-01 17:24:52,39.328,-120.1833,56.97,49,2,1.99
153,Valledupar,CO,2021-12-01 17:22:25,10.4631,-73.2532,89.11,47,85,7.34
154,Henties Bay,NA,2021-12-01 17:24:53,-22.116,14.2845,64.85,81,3,13.15
155,Hasaki,JP,2021-12-01 17:24:53,35.7333,140.8333,48.6,48,19,14.7
156,Esperance,AU,2021-12-01 17:24:54,-33.8667,121.9,55.24,78,43,7.85
157,Kuching,MY,2021-12-01 17:19:57,1.55,110.3333,75.42,94,20,2.3
158,Saskylakh,RU,2021-12-01 17:24:54,71.9167,114.0833,-33.38,99,100,1.52
159,Yar-Sale,RU,2021-12-01 17:24:55,66.8333,70.8333,1.36,96,100,10.96
160,Murygino,RU,2021-12-01 17:24:55,58.7383,49.4582,19.74,98,90,2.84
161,Balkanabat,TM,2021-12-01 17:24:55,39.5108,54.3671,69.93,28,84,7.18
162,Meadow Lake,US,2021-12-01 17:24:56,34.8014,-106.5436,60.4,33,29,8.72
163,Fountain Hills,US,2021-12-01 17:24:53,33.6117,-111.7174,75.24,21,1,7.0
164,Yulara,AU,2021-12-01 17:18:03,-25.2406,130.9889,78.64,24,0,8.05
165,Berezniki,RU,2021-12-01 17:24:57,59.4152,56.8124,37.83,100,100,3.56
166,Kaitangata,NZ,2021-12-01 17:24:57,-46.2817,169.8464,48.65,97,37,3.24
167,Moron,AR,2021-12-01 17:20:55,-34.6534,-58.6198,72.81,64,98,3.0
168,Vangaindrano,MG,2021-12-01 17:24:58,-23.35,47.6,74.71,92,75,7.52
169,Roald,NO,2021-12-01 17:24:58,62.5833,6.1333,32.14,93,40,5.75
170,Mar Del Plata,AR,2021-12-01 17:24:59,-38.0023,-57.5575,62.62,80,0,15.99
171,Zhigansk,RU,2021-12-01 17:24:59,66.7697,123.3711,-38.47,100,100,5.95
172,Hofn,IS,2021-12-01 17:24:59,64.2539,-15.2082,21.22,63,0,6.91
173,Chicama,PE,2021-12-01 17:25:00,-7.8447,-79.1469,66.74,59,55,10.33
174,Colan,PA,2021-12-01 17:25:00,7.5873,-80.2296,83.01,82,100,4.81
175,Isla Vista,US,2021-12-01 17:25:01,34.4133,-119.861,85.35,17,0,3.89
176,Hailar,CN,2021-12-01 17:25:01,49.2,119.7,22.01,78,100,20.83
177,Soe,ID,2021-12-01 17:16:13,-9.8607,124.284,67.8,90,93,3.24
178,Cordoba,AR,2021-12-01 17:24:09,-31.4135,-64.1811,82.24,64,20,10.36
179,Airai,TL,2021-12-01 17:25:02,-8.9266,125.4092,61.86,88,98,1.16
180,Katsuura,JP,2021-12-01 17:22:59,35.1333,140.3,51.12,62,25,5.23
181,Chateau-Gontier,FR,2021-12-01 17:25:02,47.8333,-0.7,46.62,83,54,10.85
182,Lodwar,KE,2021-12-01 17:25:03,3.1191,35.5973,86.9,39,98,19.39
183,Erzin,TR,2021-12-01 17:25:03,36.9559,36.2,56.12,53,34,2.59
184,Solnechnyy,RU,2021-12-01 17:25:04,50.7214,136.6319,10.99,88,100,21.74
185,Verkhnevilyuysk,RU,2021-12-01 17:16:09,63.4453,120.3167,-26.97,100,94,3.27
186,Santa Isabel Do Rio Negro,BR,2021-12-01 17:26:04,-0.4139,-65.0192,85.73,72,70,1.9
187,Cockburn Town,TC,2021-12-01 17:26:05,21.4612,-71.1419,79.75,74,4,13.33
188,Yumen,CN,2021-12-01 17:26:05,40.2833,97.2,22.37,39,0,3.47
189,Margate,GB,2021-12-01 17:26:05,51.3813,1.3862,44.96,86,93,3.0
190,Bandarbeyla,SO,2021-12-01 17:26:06,9.4942,50.8122,78.28,62,13,20.38
191,Longyearbyen,SJ,2021-12-01 17:26:06,78.2186,15.6401,4.84,72,20,4.61
192,Cabedelo,BR,2021-12-01 17:26:06,-6.9811,-34.8339,88.47,61,67,12.66
193,Parakai,NZ,2021-12-01 17:26:07,-36.65,174.4333,66.65,88,100,5.3
194,Kovur,IN,2021-12-01 17:26:07,14.4833,79.9833,76.32,73,91,8.12
195,Bindura,ZW,2021-12-01 17:26:08,-17.3019,31.3306,80.01,24,3,5.66
196,Flinders,AU,2021-12-01 17:26:08,-34.5833,150.8552,64.8,86,3,1.01
197,Kieta,PG,2021-12-01 17:26:09,-6.2167,155.6333,79.81,80,96,1.03
198,Soyo,AO,2021-12-01 17:26:09,-6.1349,12.3689,75.25,88,99,1.74
199,Alice Springs,AU,2021-12-01 17:26:09,-23.7,133.8833,67.55,56,0,0.0
200,Taoudenni,ML,2021-12-01 17:26:10,22.6783,-3.9836,78.24,10,96,12.08
201,Batagay,RU,2021-12-01 17:26:10,67.6333,134.6333,-36.27,100,98,0.96
202,Cordele,US,2021-12-01 17:26:11,31.9635,-83.7824,67.05,36,1,0.0
203,Portland,US,2021-12-01 17:25:52,45.5234,-122.6762,56.28,94,75,1.99
204,Avera,US,2021-12-01 17:26:11,33.194,-82.5271,66.7,42,88,6.64
205,Alugan,PH,2021-12-01 17:26:12,12.2188,125.4808,79.59,86,92,8.3
206,Ouadda,CF,2021-12-01 17:26:12,8.0777,22.4007,80.06,33,80,3.4
207,Vytegra,RU,2021-12-01 17:26:12,61.0064,36.4481,20.12,92,97,7.94
208,Vila Franca Do Campo,PT,2021-12-01 17:18:14,37.7167,-25.4333,68.2,77,73,9.71
209,Sharjah,AE,2021-12-01 17:26:13,25.3573,55.4033,76.98,59,0,4.61
210,Derzhavinsk,KZ,2021-12-01 17:26:13,51.1,66.3167,33.48,70,100,15.73
211,Vardo,NO,2021-12-01 17:26:14,70.3705,31.1107,35.58,64,75,37.98
212,Cap-Aux-Meules,CA,2021-12-01 17:23:01,47.3821,-61.8597,32.05,64,75,14.97
213,Goderich,CA,2021-12-01 17:26:15,43.7501,-81.7165,40.91,75,100,12.66
214,Maragogi,BR,2021-12-01 17:26:15,-9.0122,-35.2225,84.97,57,86,12.46
215,Taseyevo,RU,2021-12-01 17:26:15,57.2169,94.8978,22.62,91,100,5.23
216,Lima,PE,2021-12-01 17:22:01,-12.0432,-77.0282,69.13,73,90,6.91
217,San Ramon,US,2021-12-01 17:25:25,37.7799,-121.978,64.96,83,1,0.0
218,Itoman,JP,2021-12-01 17:26:16,26.1247,127.6694,64.42,61,75,12.66
219,Kodiak,US,2021-12-01 17:26:16,57.79,-152.4072,15.31,57,90,13.8
220,Puerto Padre,CU,2021-12-01 17:26:17,21.195,-76.6028,85.21,60,33,12.35
221,Kavaratti,IN,2021-12-01 17:26:17,10.5669,72.642,81.63,79,56,12.48
222,Hami,CN,2021-12-01 17:26:17,42.8,93.45,26.46,58,3,2.37
223,Pevek,RU,2021-12-01 17:26:18,69.7008,170.3133,-3.15,96,100,7.72
224,Tautira,PF,2021-12-01 17:26:18,-17.7333,-149.15,82.42,79,93,20.47
225,Naryan-Mar,RU,2021-12-01 17:26:19,67.6713,53.087,11.14,93,100,18.72
226,Isilkul,RU,2021-12-01 17:26:19,54.9109,71.2728,24.35,79,100,10.4
227,Aktash,RU,2021-12-01 17:26:19,50.3,87.7333,0.18,62,0,4.68
228,Olafsvik,IS,2021-12-01 17:26:20,64.8945,-23.7142,30.33,67,100,13.4
229,Ciudad Bolivar,VE,2021-12-01 17:26:21,8.1222,-63.5497,89.73,51,78,12.64
230,Bar Harbor,US,2021-12-01 17:26:21,44.3876,-68.2039,44.11,70,75,12.66
231,Manjeshwar,IN,2021-12-01 17:26:21,12.7194,74.8861,79.75,88,12,6.04
232,Safaga,EG,2021-12-01 17:26:22,26.7292,33.9365,73.35,56,2,21.16
233,Minsk,BY,2021-12-01 17:27:28,53.9,27.5667,26.35,96,70,5.82
234,Laguna,US,2021-12-01 17:27:34,38.421,-121.4238,69.62,90,1,1.01
235,Dukat,RU,2021-12-01 17:27:40,62.55,155.55,-34.47,100,19,3.04
236,Powell,US,2021-12-01 17:27:46,40.1578,-83.0752,45.12,84,90,1.99
237,Otta,NO,2021-12-01 17:27:52,61.7712,9.5353,14.05,82,98,4.07
238,Marzuq,YE,2021-12-01 17:27:52,14.4,46.4667,62.83,25,0,2.57
239,Quzhou,CN,2021-12-01 17:27:52,28.9594,118.8686,39.47,66,34,4.54
240,Nizhnevartovsk,RU,2021-12-01 17:27:53,60.9344,76.5531,30.22,100,90,8.95
241,Bambanglipuro,ID,2021-12-01 17:27:54,-7.95,110.2833,77.94,85,100,5.66
242,King City,US,2021-12-01 17:27:55,36.2127,-121.126,59.88,35,0,2.51
243,Grindavik,IS,2021-12-01 17:27:55,63.8424,-22.4338,28.87,74,90,8.05
244,Moerai,PF,2021-12-01 17:27:56,-22.4333,-151.3333,77.68,81,100,15.84
245,Gympie,AU,2021-12-01 17:27:56,-26.1898,152.665,71.31,99,37,3.38
246,Poum,NC,2021-12-01 17:27:56,-20.2333,164.0167,80.64,79,6,10.74
247,Urucara,BR,2021-12-01 17:27:57,-2.5364,-57.76,97.39,35,90,4.54
248,Hualmay,PE,2021-12-01 17:27:57,-11.0964,-77.6139,70.79,72,93,9.22
249,Korla,CN,2021-12-01 17:27:57,41.7597,86.1469,24.49,70,0,3.38
250,Puerto Leguizamo,CO,2021-12-01 17:27:58,-0.1934,-74.7819,89.42,52,94,4.52
251,Guapore,BR,2021-12-01 17:27:58,-28.8456,-51.8903,76.39,32,1,5.12
252,Otjiwarongo,NA,2021-12-01 17:27:59,-20.4637,16.6477,86.22,22,100,13.04
253,San Patricio,US,2021-12-01 17:19:28,28.017,-97.5169,78.66,64,93,7.61
254,Mwanza,TZ,2021-12-01 17:27:59,-2.5167,32.9,75.25,73,75,0.0
255,Virginia Beach,US,2021-12-01 17:26:19,36.8529,-75.978,61.02,49,1,1.01
256,Dayong,CN,2021-12-01 17:28:00,25.0209,118.2898,58.89,76,3,3.42
257,Hongjiang,CN,2021-12-01 17:28:00,27.11,109.9956,45.36,68,30,1.48
258,Tatulesti,RO,2021-12-01 17:28:01,44.6333,24.6333,44.26,77,85,7.2
259,Poya,NC,2021-12-01 17:28:01,-21.35,165.15,77.72,87,7,4.94
260,Fare,PF,2021-12-01 17:28:02,-16.7,-151.0167,81.05,76,99,21.97
261,Nanortalik,GL,2021-12-01 17:28:02,60.1432,-45.2371,33.91,97,99,35.54
262,Coquimbo,CL,2021-12-01 17:28:02,-29.9533,-71.3436,65.93,59,0,13.8
263,Grand Gaube,MU,2021-12-01 17:28:03,-20.0064,57.6608,77.4,72,8,3.0
264,Gorontalo,ID,2021-12-01 17:28:03,0.5412,123.0595,75.45,94,100,2.66
265,Sinnamary,GF,2021-12-01 17:28:03,5.3833,-52.95,79.45,88,99,12.68
266,Ha Tinh,VN,2021-12-01 17:28:04,18.3333,105.9,61.41,75,26,4.05
267,Gao,ML,2021-12-01 17:28:04,16.6362,1.637,86.11,10,38,9.48
268,Balabac,PH,2021-12-01 17:28:05,7.9868,117.0645,81.0,81,100,4.18
269,Amalapuram,IN,2021-12-01 17:28:05,16.5833,82.0167,80.98,74,1,3.96
270,Marsh Harbour,BS,2021-12-01 17:18:11,26.5412,-77.0636,75.47,65,3,15.01
271,Baykit,RU,2021-12-01 17:28:06,61.67,96.37,-3.28,96,100,1.86
272,Lavrentiya,RU,2021-12-01 17:28:06,65.5833,-171.0,-13.02,89,5,7.81
273,Staryy Nadym,RU,2021-12-01 17:28:06,65.6118,72.6842,-0.02,95,99,12.01
274,Baculin,PH,2021-12-01 17:28:07,7.4525,126.5842,78.17,83,100,4.23
275,Buala,SB,2021-12-01 17:28:07,-8.145,159.5921,81.01,73,100,3.36
276,Mangrol,IN,2021-12-01 17:23:47,21.1167,70.1167,70.88,83,100,19.55
277,Touros,BR,2021-12-01 17:28:08,-5.1989,-35.4608,88.7,57,74,14.54
278,Kedrovyy,RU,2021-12-01 17:29:08,56.1667,91.8167,28.81,83,100,6.46
279,Pangody,RU,2021-12-01 17:29:08,65.85,74.4859,-2.33,95,100,12.33
280,The Pas,CA,2021-12-01 17:29:09,53.8251,-101.2541,21.22,93,90,8.05
281,Shelburne,CA,2021-12-01 17:29:09,44.0787,-80.2041,35.91,75,100,7.43
282,Shumskiy,RU,2021-12-01 17:29:10,54.8318,99.1328,23.85,84,100,1.83
283,Ahipara,NZ,2021-12-01 17:29:10,-35.1667,173.1667,60.58,92,100,3.29
284,Bosaso,SO,2021-12-01 17:29:11,11.2842,49.1816,76.71,58,1,4.43
285,Kismayo,SO,2021-12-01 17:29:11,-0.3582,42.5454,81.07,74,98,12.55
286,Broome,US,2021-12-01 17:29:12,42.2506,-75.833,41.7,59,40,5.01
287,Pafos,CY,2021-12-01 17:29:12,34.7667,32.4167,62.38,51,90,23.02
288,Ouro Branco,BR,2021-12-01 17:29:12,-20.5208,-43.6919,75.29,73,69,6.29
289,Arraial Do Cabo,BR,2021-12-01 17:29:13,-22.9661,-42.0278,82.36,78,20,16.11
290,Kantunilkin,MX,2021-12-01 17:29:13,21.0917,-87.45,75.04,77,59,4.7
291,Awjilah,LY,2021-12-01 17:29:13,29.1081,21.2869,62.55,52,67,7.47
292,Vygonichi,RU,2021-12-01 17:29:14,53.0985,34.0673,28.51,69,77,8.95
293,Honningsvag,NO,2021-12-01 17:29:14,70.9821,25.9704,33.55,64,75,28.77
294,Constitucion,CL,2021-12-01 17:29:15,-35.3333,-72.4167,63.25,63,75,13.98
295,Ottawa,CA,2021-12-01 17:24:29,45.4112,-75.6981,32.68,54,20,3.0
296,Kautokeino,NO,2021-12-01 17:29:15,69.0125,23.0412,21.51,92,100,27.31
297,Mushie,CD,2021-12-01 17:29:15,-3.0167,16.9,73.92,94,95,3.6
298,Hastings,GB,2021-12-01 17:29:16,50.8552,0.5729,46.53,83,87,16.53
299,Creel,MX,2021-12-01 17:29:16,27.75,-107.6333,57.16,45,85,3.22
300,Necochea,AR,2021-12-01 17:27:03,-38.5473,-58.7368,77.04,31,32,10.29
301,Iqaluit,CA,2021-12-01 17:29:17,63.7506,-68.5145,11.93,79,75,16.11
302,Coihaique,CL,2021-12-01 17:29:17,-45.5752,-72.0662,54.21,76,90,5.75
303,Bada,RU,2021-12-01 17:29:18,51.392,109.8717,19.51,81,99,14.18
304,Prince Rupert,CA,2021-12-01 17:24:38,54.3161,-130.3201,46.09,82,90,12.66
305,Chifeng,CN,2021-12-01 17:29:18,42.2683,118.9636,24.51,54,0,10.45
306,Abha,SA,2021-12-01 17:29:19,18.2164,42.5053,57.02,77,0,4.61
307,Kingman,US,2021-12-01 17:26:55,35.1894,-114.053,65.12,15,1,14.0
308,Praia Da Vitoria,PT,2021-12-01 17:29:19,38.7333,-27.0667,65.75,88,40,9.01
309,Barcelos,PT,2021-12-01 17:29:20,41.5388,-8.6151,53.74,84,100,9.31
310,Sapele,NG,2021-12-01 17:29:20,5.8941,5.6767,86.72,56,72,4.92
311,Conakry,GN,2021-12-01 17:29:20,9.538,-13.6773,86.36,74,20,11.5
312,Aklavik,CA,2021-12-01 17:29:21,68.2191,-135.0107,-23.8,76,90,5.75
313,Tabuk,PH,2021-12-01 17:29:21,17.4189,121.4443,68.13,90,99,8.34
314,Plettenberg Bay,ZA,2021-12-01 17:29:22,-34.0527,23.3716,64.53,80,2,6.53
315,Kavieng,PG,2021-12-01 17:29:22,-2.5744,150.7967,82.02,72,36,7.99
316,Tura,IN,2021-12-01 17:29:22,25.5198,90.2201,63.52,70,27,3.4
317,Cherepovets,RU,2021-12-01 17:29:23,59.1333,37.9,21.02,86,90,6.71
318,Mgandu,TZ,2021-12-01 17:29:23,-5.95,34.1333,72.25,47,60,7.31
319,Skibbereen,IE,2021-12-01 17:29:24,51.55,-9.2667,42.6,80,14,22.95
320,Samana,DO,2021-12-01 17:29:24,19.2056,-69.3369,84.42,74,40,6.91
321,Muisne,EC,2021-12-01 17:29:24,0.6,-80.0333,74.98,84,100,8.41
322,Gualeguaychu,AR,2021-12-01 17:29:25,-33.0094,-58.5172,78.04,35,67,6.42
323,Port Hardy,CA,2021-12-01 17:29:25,50.6996,-127.4199,49.75,100,90,0.0
324,Antalaha,MG,2021-12-01 17:29:26,-14.9003,50.2788,74.79,87,8,6.78
325,Valdepenas,ES,2021-12-01 17:30:26,38.7621,-3.3848,49.98,69,47,13.09
326,Neepawa,CA,2021-12-01 17:30:27,50.2289,-99.4664,37.8,82,100,24.94
327,Talnakh,RU,2021-12-01 17:30:27,69.4865,88.3972,-21.96,97,87,6.64
328,Magistralnyy,RU,2021-12-01 17:30:27,56.1725,107.4458,7.14,82,98,7.76
329,Porto Novo,BJ,2021-12-01 17:30:28,6.4965,2.6036,85.82,77,83,9.28
330,Omsukchan,RU,2021-12-01 17:30:28,62.5333,155.8,-32.94,98,30,3.13
331,Leshukonskoye,RU,2021-12-01 17:30:28,64.8989,45.7622,20.53,96,100,6.38
332,Borogontsy,RU,2021-12-01 17:30:29,62.6683,131.1683,-24.75,98,73,4.27
333,Raudeberg,NO,2021-12-01 17:30:29,61.9875,5.1352,30.2,76,100,12.06
334,Severo-Kurilsk,RU,2021-12-01 17:30:31,50.6789,156.125,44.01,92,100,36.93
335,Dingle,PH,2021-12-01 17:30:31,10.9995,122.6711,75.36,92,100,5.93
336,Trat,TH,2021-12-01 17:30:32,12.5,102.5,69.94,82,70,8.34
337,Novobiryusinskiy,RU,2021-12-01 17:30:32,56.9578,97.7076,21.69,96,100,3.56
338,Ibra,OM,2021-12-01 17:30:33,22.6906,58.5334,69.28,59,19,5.03
339,Luena,AO,2021-12-01 17:30:33,-11.7833,19.9167,69.12,76,88,1.12
340,Marquette,US,2021-12-01 17:30:34,46.5333,-87.6335,30.78,84,99,13.47
341,Sal Rei,CV,2021-12-01 17:30:34,16.1833,-22.9167,77.2,57,75,21.85
342,Lasa,IT,2021-12-01 17:30:35,46.6166,10.7002,39.94,97,91,3.71
343,Fort Nelson,CA,2021-12-01 17:26:22,58.8053,-122.7002,-11.61,84,40,0.0
344,Puro,PH,2021-12-01 17:30:35,12.4841,123.3827,79.05,85,99,11.59
345,Pisco,PE,2021-12-01 17:30:36,-13.7,-76.2167,70.02,73,0,10.36
346,San Miguel,SV,2021-12-01 17:27:46,13.4833,-88.1833,91.06,45,0,2.3
347,Livadiya,RU,2021-12-01 17:30:36,42.8692,132.6764,20.57,59,6,18.88
348,Buchanan,LR,2021-12-01 17:30:37,5.8808,-10.0467,80.56,77,55,5.26
349,Tyret Pervaya,RU,2021-12-01 17:30:37,53.6703,102.3106,23.18,93,100,9.15
350,Beringovskiy,RU,2021-12-01 17:30:38,63.05,179.3167,26.69,96,100,22.7
351,Karratha,AU,2021-12-01 17:30:38,-20.7377,116.8463,85.39,32,5,13.04
352,Nantucket,US,2021-12-01 17:27:19,41.2835,-70.0995,50.11,56,1,14.97
353,Zaterechnyy,RU,2021-12-01 17:30:39,44.7931,45.2097,40.26,57,84,6.02
354,Iracoubo,GF,2021-12-01 17:30:39,5.4802,-53.2011,79.14,89,100,12.19
355,Sakakah,SA,2021-12-01 17:30:40,29.9697,40.2064,65.77,53,100,5.35
356,Taitung,TW,2021-12-01 17:30:40,22.7583,121.1444,60.49,76,32,11.63
357,Wakkanai,JP,2021-12-01 17:30:41,45.4094,141.6739,29.43,82,100,33.08
358,Angoche,MZ,2021-12-01 17:30:41,-16.2325,39.9086,80.78,83,1,12.41
359,Santa Marta,CO,2021-12-01 17:29:16,11.2408,-74.199,84.04,68,25,11.56
360,Ilulissat,GL,2021-12-01 17:30:42,69.2167,-51.1,39.22,70,75,18.41
361,Guerrero Negro,MX,2021-12-01 17:30:42,27.9769,-114.0611,71.28,52,0,1.1
362,Obidos,BR,2021-12-01 17:30:43,-1.9175,-55.5181,96.62,34,100,6.13
363,Sfantu Gheorghe,RO,2021-12-01 17:27:36,45.8667,25.7833,38.93,92,99,3.83
364,Buta,CD,2021-12-01 17:30:44,2.7858,24.73,73.15,83,87,2.26
365,Nova Olimpia,BR,2021-12-01 17:30:44,-14.7972,-57.2881,90.19,55,95,4.54
366,Chum Phae,TH,2021-12-01 17:30:45,16.5443,102.0992,64.36,75,37,1.72
367,Berlevag,NO,2021-12-01 17:30:45,70.8578,29.0864,32.0,80,75,34.52
368,Tosya,TR,2021-12-01 17:30:45,41.0155,34.0401,34.65,73,70,3.36
369,Kahului,US,2021-12-01 17:30:46,20.8947,-156.47,76.84,88,20,3.44
370,Almaznyy,RU,2021-12-01 17:31:46,48.0448,40.045,32.14,97,100,9.24
371,Kemin,KG,2021-12-01 17:31:47,42.7846,75.6892,36.1,48,0,7.94
372,Vung Tau,VN,2021-12-01 17:31:47,10.346,107.0843,77.5,79,44,9.46
373,Taltal,CL,2021-12-01 17:31:47,-25.4,-70.4833,66.83,68,10,9.37
374,Richards Bay,ZA,2021-12-01 17:31:48,-28.783,32.0377,75.45,82,20,12.12
375,Eyl,SO,2021-12-01 17:31:49,7.9803,49.8164,77.67,55,29,19.8
376,Lastoursville,GA,2021-12-01 17:31:49,-0.8143,12.7287,74.91,94,72,1.32
377,Barsovo,RU,2021-12-01 17:31:50,61.1667,73.1667,30.33,97,100,9.44
378,Tarata,BO,2021-12-01 17:31:50,-17.6167,-66.0167,80.02,34,73,1.63
379,Makakilo City,US,2021-12-01 17:31:51,21.3469,-158.0858,74.68,79,1,4.61
380,Daru,PG,2021-12-01 17:31:51,-9.0763,143.2092,80.37,86,100,7.02
381,Iralaya,HN,2021-12-01 17:31:52,15.0,-83.2333,80.83,78,22,9.44
382,Bathsheba,BB,2021-12-01 17:31:52,13.2167,-59.5167,86.61,70,40,23.02
383,Alofi,NU,2021-12-01 17:31:53,-19.0595,-169.9187,73.29,94,19,11.5
384,Aleksandrov Gay,RU,2021-12-01 17:31:53,50.147,48.5704,35.04,76,80,15.7
385,Shiyan,CN,2021-12-01 17:31:54,32.6475,110.7781,41.92,53,26,4.34
386,Najran,SA,2021-12-01 17:31:55,17.4924,44.1277,65.05,27,0,3.09
387,Nadym,RU,2021-12-01 17:31:55,65.5333,72.5167,0.37,95,100,11.34
388,Port Hedland,AU,2021-12-01 17:31:56,-20.3167,118.5667,82.45,78,3,11.5
389,Hibbing,US,2021-12-01 17:31:56,47.4272,-92.9377,35.1,93,90,8.05
390,Ingham,US,2021-12-01 17:31:57,42.6,-84.3833,39.83,77,75,9.22
391,Umtata,ZA,2021-12-01 17:31:57,-31.5889,28.7844,63.16,88,75,11.5
392,Banda Aceh,ID,2021-12-01 17:31:58,5.5577,95.3222,78.4,81,56,9.42
393,Lorengau,PG,2021-12-01 17:31:58,-2.0226,147.2712,81.05,74,99,2.73
394,Ribeira Brava,PT,2021-12-01 17:31:59,32.65,-17.0667,68.72,71,15,8.57
395,Tongliao,CN,2021-12-01 17:31:59,43.6125,122.2653,20.98,77,0,13.73
396,Harper,LR,2021-12-01 17:33:13,4.375,-7.7169,81.32,76,98,7.16
397,Matagami,CA,2021-12-01 17:33:14,49.7502,-77.6328,12.81,75,100,8.12
398,Myitkyina,MM,2021-12-01 17:33:14,25.3833,97.4,60.44,75,8,2.08
399,At-Bashi,KG,2021-12-01 17:33:14,41.1702,75.8106,12.61,60,0,3.0
400,Chapais,CA,2021-12-01 17:33:15,49.7834,-74.8492,11.98,82,100,11.25
401,Dunedin,NZ,2021-12-01 17:32:27,-45.8742,170.5036,55.38,92,79,8.9
402,Saint George,US,2021-12-01 17:29:57,37.1041,-113.5841,63.36,34,1,3.44
403,Mehamn,NO,2021-12-01 17:33:16,71.0357,27.8492,33.98,86,75,18.41
404,Tyukhtet,RU,2021-12-01 17:33:16,56.5389,89.3011,23.22,78,100,12.57
405,Birr,IE,2021-12-01 17:33:16,53.0914,-7.9133,42.48,80,65,14.27
406,Ayorou,NE,2021-12-01 17:33:17,14.7308,0.9174,86.07,12,98,10.25
407,Svetlaya,RU,2021-12-01 17:33:17,46.5389,138.3297,19.09,57,100,17.45
408,Morden,CA,2021-12-01 17:33:17,49.1919,-98.1014,40.84,70,100,5.75
409,Muros,ES,2021-12-01 17:33:18,42.7762,-9.0603,54.84,86,100,15.28
410,Bahia De Caraquez,EC,2021-12-01 17:33:18,-0.6,-80.4167,77.18,74,97,8.84
411,Ancud,CL,2021-12-01 17:33:18,-41.8697,-73.8203,56.73,58,95,13.91
412,Biggar,GB,2021-12-01 17:33:19,55.6167,-3.5167,36.7,84,35,6.96
413,Stromness,GB,2021-12-01 17:33:19,58.965,-3.296,39.16,64,100,40.02
414,Esso,RU,2021-12-01 17:34:20,55.9333,158.7,16.48,96,100,9.89
415,Tingi,TZ,2021-12-01 17:34:20,-11.3,35.0333,70.3,65,30,4.72
416,Sarab,IR,2021-12-01 17:34:21,38.6066,44.9883,48.0,71,44,4.16
417,Bouca,CF,2021-12-01 17:34:21,6.5105,18.2733,86.0,33,99,2.53
418,Makeni,SL,2021-12-01 17:34:22,8.8833,-12.05,84.87,63,68,2.8
419,Hay River,CA,2021-12-01 17:34:22,60.8156,-115.7999,3.18,78,90,4.61
420,Ponta Do Sol,PT,2021-12-01 17:34:23,32.6667,-17.1,68.72,70,24,7.43
421,Pahrump,US,2021-12-01 17:33:05,36.2083,-115.9839,66.11,17,3,2.66
422,Labuhan,ID,2021-12-01 17:34:23,-6.8844,112.2051,78.37,84,100,3.33
423,Camacha,PT,2021-12-01 17:34:24,33.0833,-16.3333,63.82,63,40,9.22
424,Papara,BR,2021-12-01 17:34:25,-3.9839,-38.7273,88.2,40,97,12.88
425,Ullapool,GB,2021-12-01 17:34:25,57.8987,-5.1604,39.34,83,81,14.85
426,Kawalu,ID,2021-12-01 17:34:25,-7.3817,108.2082,71.53,95,98,1.14
427,Bubaque,GW,2021-12-01 17:34:26,11.2833,-15.8333,82.33,62,63,12.82
428,Luau,AO,2021-12-01 17:34:26,-10.7073,22.2247,68.32,91,98,3.98
429,Oistins,BB,2021-12-01 17:34:27,13.0667,-59.5333,86.09,70,40,23.02
430,Cadillac,US,2021-12-01 17:30:56,44.2519,-85.4012,35.17,80,90,12.66
431,Kulhudhuffushi,MV,2021-12-01 17:34:27,6.6221,73.07,82.18,77,12,8.59
432,Maracaibo,VE,2021-12-01 17:31:27,10.6317,-71.6406,87.1,56,70,3.51
433,Cam Ranh,VN,2021-12-01 17:34:28,11.9214,109.1591,76.96,61,20,17.27
434,Sao Sepe,BR,2021-12-01 17:33:10,-30.1606,-53.5653,80.55,37,29,5.88
435,Zacualpan,MX,2021-12-01 17:34:28,21.25,-105.1667,85.62,58,91,7.14
436,Urumqi,CN,2021-12-01 17:34:29,43.801,87.6005,9.55,85,62,4.47
437,Camana,PE,2021-12-01 17:34:29,-16.6228,-72.7111,70.93,67,81,8.95
438,Srandakan,ID,2021-12-01 17:34:29,-7.9386,110.2506,78.01,85,100,5.7
439,Mariental,NA,2021-12-01 17:34:30,-24.6333,17.9667,87.4,9,38,22.08
440,Dhidhdhoo,MV,2021-12-01 17:34:30,6.8833,73.1,82.24,77,14,8.28
441,Belaya Gora,RU,2021-12-01 17:34:31,68.5333,146.4167,-36.02,100,99,2.84
442,Toritama,BR,2021-12-01 17:34:31,-8.0067,-36.0567,95.43,25,61,12.84
443,Dali,CN,2021-12-01 17:34:32,25.7,100.1833,44.69,89,21,0.74
444,Fairbanks,US,2021-12-01 17:30:43,64.8378,-147.7164,-1.91,77,90,0.0
445,Ola,RU,2021-12-01 17:34:32,59.5833,151.2833,4.26,68,100,24.87
446,Tupik,RU,2021-12-01 17:34:33,54.4253,119.9327,5.16,96,100,3.71
447,Westport,US,2021-12-01 17:34:34,41.1415,-73.3579,50.04,50,1,1.01
448,Athens,GR,2021-12-01 17:30:26,37.9795,23.7162,57.18,48,0,1.99
449,Sala,MA,2021-12-01 17:34:35,34.0389,-6.8166,61.48,51,40,3.44
450,Mandurah,AU,2021-12-01 17:34:35,-32.55,115.7,59.16,74,0,13.76
451,Swan Hill,AU,2021-12-01 17:34:36,-35.3378,143.5544,66.34,76,49,7.23
452,Nawabganj,BD,2021-12-01 17:34:36,24.5911,88.271,67.69,59,22,5.5
453,Mana,GF,2021-12-01 17:34:36,5.6592,-53.7767,80.06,88,100,11.7
454,Saint-Joseph,RE,2021-12-01 17:30:07,-21.3667,55.6167,75.58,72,10,11.54
455,Batemans Bay,AU,2021-12-01 17:30:09,-35.7167,150.1833,66.09,94,9,3.56
456,Bima,ID,2021-12-01 17:35:37,-8.4667,118.7167,75.67,94,100,0.54
457,Kinshasa,CD,2021-12-01 17:35:37,-4.3246,15.3215,71.67,96,100,0.54
458,Ranong,TH,2021-12-01 17:32:16,9.9658,98.6348,77.79,89,100,8.99
459,Labuan,MY,2021-12-01 17:35:38,5.2767,115.2417,79.16,88,20,0.0
460,Alta Floresta,BR,2021-12-01 17:35:38,-9.8756,-56.0861,78.62,89,90,5.75
461,Lata,PT,2021-12-01 17:35:39,40.1629,-8.3327,54.01,91,100,8.43
462,Honghu,CN,2021-12-01 17:35:39,29.8206,113.4621,44.92,36,0,3.56
463,Arlit,NE,2021-12-01 17:35:40,18.7369,7.3853,79.16,13,82,10.31
464,Sur,OM,2021-12-01 17:35:40,22.5667,59.5289,74.52,65,3,8.72
465,Kalat,PK,2021-12-01 17:35:41,29.0225,66.5916,42.12,46,14,2.86
466,Tororo,UG,2021-12-01 17:35:41,0.693,34.1809,68.65,79,100,5.7
467,Shingu,JP,2021-12-01 17:35:42,33.7333,135.9833,42.24,64,6,10.63
468,Ukiah,US,2021-12-01 17:35:42,39.1502,-123.2078,68.38,67,1,0.0
469,Bestobe,KZ,2021-12-01 17:31:42,52.4994,73.0975,19.11,76,90,10.78
470,Bowmore,US,2021-12-01 17:35:43,34.9421,-79.3031,66.88,40,1,3.0
471,Brandon,US,2021-12-01 17:35:43,27.9378,-82.2859,77.59,60,1,4.0
472,Sasykoli,RU,2021-12-01 17:35:44,47.5515,46.9968,36.52,78,66,11.86
473,Ures,MX,2021-12-01 17:35:44,29.4333,-110.4,78.28,32,23,1.83
474,Port-Gentil,GA,2021-12-01 17:35:44,-0.7193,8.7815,78.76,89,40,4.61
475,Tanout,NE,2021-12-01 17:35:45,14.9709,8.8879,79.29,14,50,11.65
476,Mantua,IT,2021-12-01 17:35:45,45.1667,10.7833,47.28,80,96,5.01
477,Trairi,BR,2021-12-01 17:33:23,-3.2778,-39.2689,86.86,61,96,13.67
478,Palauig,PH,2021-12-01 17:35:46,15.435,119.9045,78.12,75,70,5.32
479,Davila,PH,2021-12-01 17:35:46,18.4726,120.5763,73.17,83,80,28.68
480,Ramshir,IR,2021-12-01 17:35:47,30.8946,49.4092,69.55,58,62,9.4
481,Cabral,DO,2021-12-01 17:35:47,18.25,-71.2167,89.46,55,40,13.8
482,Namibe,AO,2021-12-01 17:31:26,-15.1961,12.1522,70.75,77,49,5.46
483,Svay Rieng,KH,2021-12-01 17:35:47,11.0879,105.7993,71.22,75,79,7.81
484,Ayan,RU,2021-12-01 17:35:48,56.45,138.1667,6.37,72,100,13.62
485,Vetlanda,SE,2021-12-01 17:35:49,57.4289,15.0776,26.55,94,100,15.1
486,Shanghai,CN,2021-12-01 17:34:57,31.2222,121.4581,42.93,56,0,6.71
487,Isangel,VU,2021-12-01 17:35:49,-19.55,169.2667,78.08,85,48,11.07
488,Dodge City,US,2021-12-01 17:35:49,37.7528,-100.0171,64.22,38,1,1.99
489,Dakor,IN,2021-12-01 17:35:50,22.75,73.15,62.42,85,100,8.63
490,Geilenkirchen,DE,2021-12-01 17:35:50,50.9667,6.1167,46.54,89,75,16.11
491,San Policarpo,PH,2021-12-01 17:35:51,12.1791,125.5072,79.27,87,95,8.52
492,Murgab,TM,2021-12-01 17:35:51,37.4966,61.9714,64.27,39,90,6.91
493,Ribas Do Rio Pardo,BR,2021-12-01 17:35:52,-20.4431,-53.7592,89.76,33,96,6.96
494,San Pedro,PH,2021-12-01 17:35:52,14.35,121.0167,80.1,68,20,2.3
495,Mitsamiouli,KM,2021-12-01 17:35:52,-11.3847,43.2844,80.89,69,20,5.75
496,Sao Filipe,CV,2021-12-01 17:35:53,14.8961,-24.4956,74.84,67,100,13.67
497,Ostrovnoy,RU,2021-12-01 17:35:53,68.0531,39.5131,25.03,81,100,35.01
498,Ishikari,JP,2021-12-01 17:35:54,43.2397,141.3539,32.25,80,88,26.6
499,Haines Junction,CA,2021-12-01 17:35:54,60.7522,-137.5108,-4.05,84,100,3.44
500,Krasnoarmeysk,RU,2021-12-01 17:35:55,51.0239,45.6969,29.28,82,52,12.21
501,Darfield,GB,2021-12-01 17:35:55,53.5339,-1.376,42.39,78,74,7.0
502,Canmore,CA,2021-12-01 17:35:55,51.0834,-115.3521,40.48,97,100,3.44
503,Xining,CN,2021-12-01 17:35:56,36.6167,101.7667,21.38,61,8,2.19
504,Half Moon Bay,US,2021-12-01 17:36:33,37.4636,-122.4286,69.62,70,1,0.0
505,Comodoro Rivadavia,AR,2021-12-01 17:33:44,-45.8667,-67.5,80.46,13,0,14.97
506,Fort-Shevchenko,KZ,2021-12-01 17:36:56,44.5086,50.263,42.98,83,85,27.47
507,Nelson Bay,AU,2021-12-01 17:36:57,-32.7167,152.15,68.0,96,79,6.49
508,Stornoway,GB,2021-12-01 17:36:57,58.2093,-6.3865,39.16,76,75,5.01
509,Puerto Escondido,MX,2021-12-01 17:36:58,15.85,-97.0667,86.83,58,20,6.91
510,Paka,MY,2021-12-01 17:36:58,4.6374,103.4368,76.98,83,100,4.61
511,Aljustrel,PT,2021-12-01 17:36:59,37.8776,-8.1652,57.07,91,59,8.46
512,Bowen,AU,2021-12-01 17:36:59,-20.0167,148.2333,75.42,83,12,6.38
513,Sidi Ali,DZ,2021-12-01 17:37:00,36.0998,0.4206,54.59,77,4,12.95
514,Salalah,OM,2021-12-01 17:37:00,17.0151,54.0924,77.09,47,0,5.75
515,Biltine,TD,2021-12-01 17:37:01,14.5333,20.9167,81.45,16,1,13.4
516,Petropavl,KZ,2021-12-01 17:37:02,54.8753,69.1628,27.28,74,100,12.06
517,Te Anau,NZ,2021-12-01 17:37:02,-45.4167,167.7167,53.82,89,57,0.29
518,Hakkari,TR,2021-12-01 17:37:03,37.5833,44.1667,37.47,97,100,8.14
519,Kenai,US,2021-12-01 17:37:03,60.5544,-151.2583,19.15,85,90,10.36
520,Atkinson,US,2021-12-01 17:37:04,42.8384,-71.147,45.23,63,1,3.0
521,San Vicente,AR,2021-12-01 17:37:04,-26.6167,-54.1333,88.88,20,0,4.0
522,Fonte Boa,BR,2021-12-01 17:37:04,-2.4959,-66.2662,81.9,85,77,3.85
523,Aguimes,ES,2021-12-01 17:37:05,27.9054,-15.4461,66.67,62,20,17.27
524,Eureka,US,2021-12-01 17:37:05,40.8021,-124.1637,50.61,60,29,2.93
525,Djenne,ML,2021-12-01 17:37:06,13.9061,-4.5533,87.62,9,41,7.14
526,Sangar,RU,2021-12-01 17:37:06,63.9242,127.4739,-25.38,94,90,3.42
527,Warmbad,NA,2021-12-01 17:37:07,-28.45,18.7333,75.61,21,0,23.51
528,Umm Lajj,SA,2021-12-01 17:34:18,25.0213,37.2685,77.68,66,2,9.95
529,Mont-De-Marsan,FR,2021-12-01 17:37:07,44.0,-0.6667,50.79,94,76,3.44
530,Yatou,CN,2021-12-01 17:37:08,37.15,122.3833,32.85,61,6,5.73
531,Zabaykalsk,RU,2021-12-01 17:37:08,49.6333,117.3167,21.81,76,99,27.81
532,Caravelas,BR,2021-12-01 17:37:09,-17.7125,-39.2481,79.59,86,88,8.55
533,Deer Lake,CA,2021-12-01 17:37:09,49.1667,-57.4316,33.66,69,90,12.66
534,Iquique,CL,2021-12-01 17:37:10,-20.2208,-70.1431,69.84,67,50,6.78
535,Marsabit,KE,2021-12-01 17:37:10,2.3284,37.9899,69.08,60,65,9.82
536,Krasnyy Yar,RU,2021-12-01 17:37:11,46.5331,48.3456,39.13,68,100,11.72
537,Christchurch,NZ,2021-12-01 17:36:02,-43.5333,172.6333,57.4,88,75,4.0
538,Casa Grande,US,2021-12-01 17:37:11,32.8795,-111.7573,77.41,20,57,2.35
539,Warwick,US,2021-12-01 17:36:57,41.7001,-71.4162,49.55,52,75,10.36
540,Port Macquarie,AU,2021-12-01 17:34:31,-31.4333,152.9167,66.09,100,90,6.91
541,Palmerston,AU,2021-12-01 17:37:12,-12.486,130.9833,85.98,87,100,6.91
542,Luba,GQ,2021-12-01 17:37:12,3.4568,8.5547,81.64,82,50,7.43
543,Bandundu,CD,2021-12-01 17:37:13,-3.3167,17.3667,73.02,91,95,5.1
544,Geneva,US,2021-12-01 17:37:13,41.8875,-88.3054,47.32,83,90,9.22
545,Ewa Beach,US,2021-12-01 17:37:14,21.3156,-158.0072,76.69,79,1,10.0
546,Sarh,TD,2021-12-01 17:37:15,9.1429,18.3923,85.91,39,0,0.0
547,Upata,VE,2021-12-01 17:37:15,8.0086,-62.3989,75.2,92,86,4.74
548,Manzil Salim,TN,2021-12-01 17:37:16,35.8567,8.4765,53.6,52,4,5.35
549,Biak,ID,2021-12-01 17:38:22,-0.9131,122.8766,77.02,79,100,0.94
550,Atasu,KZ,2021-12-01 17:38:28,48.6814,71.6433,15.78,84,18,5.48
551,Subkhankulovo,RU,2021-12-01 17:38:34,54.5574,53.8115,35.49,98,100,10.25
552,Ust-Ilimsk,RU,2021-12-01 17:38:40,58.0006,102.6619,2.14,96,100,2.82
553,Chisinau,MD,2021-12-01 17:38:46,47.0056,28.8575,37.94,82,0,7.0
554,Camara De Lobos,PT,2021-12-01 17:38:52,32.6333,-16.9667,68.72,81,40,11.5
555,Deputatskiy,RU,2021-12-01 17:38:58,69.3,139.9,-35.75,100,68,4.03
556,Nemuro,JP,2021-12-01 17:39:04,43.3236,145.575,38.41,61,4,37.56
557,Lufilufi,WS,2021-12-01 17:39:10,-13.8745,-171.5986,73.18,76,85,9.17
558,Ugoofaaru,MV,2021-12-01 17:39:16,5.6667,73.0,82.47,75,21,7.54
559,Nata,PA,2021-12-01 17:39:16,8.3333,-80.5167,76.87,74,100,7.38
560,Usinsk,RU,2021-12-01 17:39:16,65.9939,57.5281,13.23,95,100,12.68
561,Bogalusa,US,2021-12-01 17:39:17,30.791,-89.8487,73.0,56,1,5.75
562,Wenling,CN,2021-12-01 17:39:17,28.3669,121.36,40.95,61,0,9.26
563,San Juan,AR,2021-12-01 17:39:18,-31.5375,-68.5364,87.58,25,0,3.65
564,Ko Samui,TH,2021-12-01 17:39:18,9.5357,99.9357,80.55,81,93,21.68
565,San Remigio,PH,2021-12-01 17:39:19,11.0809,123.9381,79.14,85,100,5.26
566,Hof,DE,2021-12-01 17:37:55,50.3167,11.9167,43.45,92,75,21.85
567,Lahij,YE,2021-12-01 17:39:19,13.1667,44.5833,72.54,58,0,2.68
568,Tommot,RU,2021-12-01 17:39:20,58.9564,126.2925,-7.83,99,97,1.16
569,Mandalgovi,MN,2021-12-01 17:39:20,45.7625,106.2708,22.1,43,1,16.96
570,Qianan,CN,2021-12-01 17:39:21,44.9932,124.0581,17.64,76,11,17.07
571,Loknya,RU,2021-12-01 17:39:21,56.83,30.1467,17.47,92,43,6.33
